,channel,band,channel_on_band,lmin,lmean,lmax,sensitivity_hi,sensitivity_lo,R
0,1,1,1,0.74457,0.75325,0.76217,19.548,19.362,42.567
1,2,1,2,0.76217,0.77124,0.78051,19.577,19.381,41.627
2,3,1,3,0.78051,0.78983,0.79941,19.596,19.39,40.943
3,4,1,4,0.79941,0.80901,0.81879,19.606,19.393,40.405
4,5,1,5,0.81879,0.82856,0.83849,19.607,19.389,40.481
5,6,1,6,0.83849,0.84834,0.85846,19.608,19.386,40.444
6,7,1,7,0.85846,0.8686,0.87899,19.61,19.385,39.91
7,8,1,8,0.87899,0.88951,0.90035,19.601,19.376,39.21
8,9,1,9,0.90035,0.91108,0.92209,19.598,19.374,38.946
9,10,1,10,0.92209,0.93311,0.94437,19.586,19.367,39.051
10,11,1,11,0.94437,0.9555,0.96696,19.57,19.357,38.893
11,12,1,12,0.96696,0.97847,0.99034,19.556,19.352,38.247
12,13,1,13,0.99034,1.0022,1.0144,19.538,19.345,37.833
13,14,1,14,1.0144,1.0264,1.0389,19.511,19.333,37.947
14,15,1,15,1.0389,1.0512,1.0639,19.491,19.329,37.741
15,16,1,16,1.0639,1.0766,1.0897,19.477,19.336,37.19
16,17,1,17,1.0897,1.1027,1.116,19.454,19.336,37.103
17,18,2,1,1.0985,1.1113,1.1245,19.485,19.358,42.636
18,19,2,2,1.1245,1.138,1.1519,19.5,19.355,41.962
19,20,2,3,1.1519,1.1658,1.18,19.512,19.351,41.508
20,21,2,4,1.18,1.1942,1.2088,19.516,19.339,41.383
21,22,2,5,1.2088,1.2232,1.2381,19.512,19.321,41.406
22,23,2,6,1.2381,1.2528,1.2679,19.513,19.31,41.458
23,24,2,7,1.2679,1.2831,1.2985,19.533,19.32,41.492
24,25,2,8,1.2985,1.314,1.3297,19.551,19.329,41.565
25,26,2,9,1.3297,1.3455,1.3616,19.56,19.332,41.723
26,27,2,10,1.3616,1.3778,1.3944,19.56,19.328,41.626
27,28,2,11,1.3944,1.411,1.4282,19.555,19.32,41.303
28,29,2,12,1.4282,1.4453,1.463,19.548,19.314,40.917
29,30,2,13,1.463,1.4807,1.4989,19.547,19.316,40.69
30,31,2,14,1.4989,1.5171,1.5357,19.541,19.317,40.656
31,32,2,15,1.5357,1.5543,1.5733,19.526,19.312,40.848
32,33,2,16,1.5733,1.5923,1.6116,19.515,19.313,41.135
33,34,2,17,1.6116,1.6307,1.6505,19.508,19.323,41.443
34,35,3,1,1.6357,1.6546,1.674,19.452,19.163,42.022
35,36,3,2,1.674,1.6936,1.7135,19.476,19.209,41.71
36,37,3,3,1.7135,1.7335,1.754,19.513,19.266,41.351
37,38,3,4,1.754,1.7744,1.7955,19.547,19.318,40.913
38,39,3,5,1.7955,1.8167,1.8384,19.576,19.363,40.562
39,40,3,6,1.8384,1.86,1.8821,19.596,19.398,40.522
40,41,3,7,1.8821,1.904,1.9265,19.611,19.424,40.716
41,42,3,8,1.9265,1.9488,1.9716,19.625,19.448,40.927
42,43,3,9,1.9716,1.9943,2.0176,19.641,19.469,40.857
43,44,3,10,2.0176,2.041,2.0651,19.667,19.498,40.242
44,45,3,11,2.0651,2.0891,2.114,19.686,19.517,39.83
45,46,3,12,2.114,2.1387,2.164,19.704,19.532,39.709
46,47,3,13,2.164,2.1892,2.215,19.714,19.534,39.961
47,48,3,14,2.215,2.2405,2.2667,19.722,19.53,40.187
48,49,3,15,2.2667,2.2926,2.3192,19.749,19.541,40.413
49,50,3,16,2.3192,2.3459,2.3731,19.771,19.543,40.172
50,51,3,17,2.3731,2.3984,2.4195,19.57,19.319,43.447
51,52,4,1,2.4218,2.4437,2.4699,19.519,19.379,44.131
52,53,4,2,2.4699,2.5037,2.5384,19.755,19.617,34.403
53,54,4,3,2.5384,2.5731,2.6087,19.788,19.653,34.819
54,55,4,4,2.6087,2.6442,2.6811,19.82,19.688,34.609
55,56,4,5,2.6811,2.7175,2.7547,19.841,19.712,34.447
56,57,4,6,2.7547,2.7923,2.831,19.848,19.722,34.967
57,58,4,7,2.831,2.8698,2.9097,19.872,19.747,34.369
58,59,4,8,2.9097,2.9497,2.9908,19.884,19.761,34.449
59,60,4,9,2.9908,3.0321,3.0747,19.9,19.778,34.244
60,61,4,10,3.0747,3.1173,3.1609,19.902,19.781,34.276
61,62,4,11,3.1609,3.2042,3.2481,19.892,19.771,34.627
62,63,4,12,3.2481,3.2925,3.3382,19.871,19.751,34.944
63,64,4,13,3.3382,3.384,3.4302,19.844,19.723,35.321
64,65,4,14,3.4302,3.4764,3.5239,19.814,19.692,35.593
65,66,4,15,3.5239,3.5713,3.6201,19.771,19.647,35.945
66,67,4,16,3.6201,3.6687,3.7189,19.721,19.594,36.117
67,68,4,17,3.7189,3.7694,3.8217,19.654,19.525,36.516
68,69,5,1,3.8079,3.8249,3.842,18.771,18.593,108.85
69,70,5,2,3.842,3.8586,3.8758,18.742,18.579,108.57
70,71,5,3,3.8758,3.8926,3.9099,18.71,18.559,108.92
71,72,5,4,3.9099,3.9271,3.9446,18.683,18.544,108.3
72,73,5,5,3.9446,3.9619,3.9796,18.651,18.521,108.63
73,74,5,6,3.9796,3.9971,4.0149,18.614,18.491,109.56
74,75,5,7,4.0149,4.0325,4.0504,18.58,18.463,109.91
75,76,5,8,4.0504,4.0682,4.0861,18.542,18.429,111.03
76,77,5,9,4.0861,4.104,4.1222,18.509,18.397,111.54
77,78,5,10,4.1222,4.1401,4.1584,18.474,18.362,112.63
78,79,5,11,4.1584,4.1765,4.1949,18.446,18.331,112.77
79,80,5,12,4.1949,4.2129,4.2314,18.409,18.289,114.63
80,81,5,13,4.2314,4.2496,4.2681,18.385,18.259,114.26
81,82,5,14,4.2681,4.2864,4.305,18.355,18.22,115.24
82,83,5,15,4.305,4.3235,4.3423,18.33,18.184,115.64
83,84,5,16,4.3423,4.3608,4.3795,18.309,18.15,115.54
84,85,5,17,4.3795,4.3983,4.4182,18.282,18.108,117.03
85,86,6,1,4.4105,4.4265,4.4427,18.181,18.044,128.22
86,87,6,2,4.4427,4.4588,4.4754,18.158,18.038,124.97
87,88,6,3,4.4754,4.4918,4.5084,18.111,18.006,126.58
88,89,6,4,4.5084,4.5249,4.5416,18.079,17.987,125.44
89,90,6,5,4.5416,4.5584,4.5754,18.036,17.953,126.89
90,91,6,6,4.5754,4.5923,4.6095,18.009,17.934,125.32
91,92,6,7,4.6095,4.6266,4.644,17.968,17.898,126.78
92,93,6,8,4.644,4.6613,4.6788,17.942,17.875,125.67
93,94,6,9,4.6788,4.6962,4.7138,17.902,17.835,127.53
94,95,6,10,4.7138,4.731,4.7485,17.862,17.792,129.72
95,96,6,11,4.7485,4.7659,4.7832,17.828,17.754,130.83
96,97,6,12,4.7832,4.8006,4.8181,17.797,17.715,131.71
97,98,6,13,4.8181,4.8356,4.8536,17.778,17.686,130.26
98,99,6,14,4.8536,4.8714,4.8897,17.757,17.652,129.52
99,100,6,15,4.8897,4.9077,4.9263,17.73,17.61,130.21
100,101,6,16,4.9263,4.9444,4.9631,17.702,17.563,131.68
101,102,6,17,4.9631,4.9813,4.9999,17.667,17.507,134.94
